id,first_name,last_name,email,gender,password,bio
1,Ednaldo,Pereira,ednaldo@ednaldo.com,Masculino,ednaldo,JAVA EH MELHOR QUE PYTHON!
2,Bianca,Amorim,bianca@bianca.com,Feminino,bianca, OMG I LIKE KITTENS!
3,Fabio,Melo,f@f.com,Masculino,f, I'M NOT THE DROID YOU'RE LOOKING FOR
4,Heronides,Laurentino,heronides@eu.com,Masculino,a,synthesize synergistic systems
5,Janaina,Wooldump,lwoolnough4@barnesandnoble.com,Feminino,Is4XkBFfJ2dn,deploy distributed e-tailers
6,Jane,Messam,jmessam5@jugem.jp,Masculino,VmSGvrZd0K4,iterate viral e-services
7,Raul,Audibert,raudibert6@paginegialle.it,Masculino,zV7XNaVWs,extend customized technologies
8,Nildo,Birds,nbirds7@theglobeandmail.com,Masculino,6g3EJkD0pb,strategize front-end niches
9,Eolanda,McCole,emccole8@theglobeandmail.com,Feminino,OfIlPeX8n0,unleash enterprise e-tailers
10,Rafael,Baudy,pbaudy9@google.co.jp,Masculino,aWJED26X,disintermediate leading-edge technologies
11,Adam,Lathy,elathya@cbc.ca,Masculino,cg5ClhL7sm,cultivate bricks-and-clicks relationships
12,Sancho,Hallatt,shallattb@histats.com,Masculino,XQzrv0atvV,drive bricks-and-clicks e-tailers
13,Ardys,Franceschi,afranceschic@multiply.com,Feminino,4fxT6Q1sdtH,optimize world-class e-tailers
14,Carling,Tchir,ctchird@joomla.org,Masculino,WEjlB2a8G,e-enable B2C architectures
15,Vladamir,Lacroux,vlacrouxe@youku.com,Masculino,supd8W,unleash cross-media applications
16,Rouvin,Forsey,rforseyf@apple.com,Masculino,nNBf54nrm2i,strategize collaborative infomediaries
17,Carie,Rissen,crisseng@infoseek.co.jp,Feminino,dtAcK2ev,deploy B2B web services
18,Raphael,Odegaard,rodegaardh@geocities.jp,Masculino,JLb3JdY,recontextualize granular platforms
19,Rory,Shenfish,rshenfishi@state.gov,Masculino,0xMNZte,iterate visionary schemas
20,Jarvis,Minshaw,jminshawj@clickbank.net,Masculino,k2Ws4cy2gw,implement dynamic architectures
21,Logan,Riggott,lriggottk@amazon.co.uk,Masculino,wC1CEOYPyaF1,transition customized niches
22,Mauricio,Rickson,mricksonl@wisc.edu,Masculino,5wAhmefS4Mgw,aggregate intuitive networks
23,Andriette,Iiannone,aiiannonem@usatoday.com,Feminino,5sqbLp7,reinvent bleeding-edge e-tailers
24,Tony,Cave,tcaven@chron.com,Masculino,JxO8oGd,integrate customized mindshare
25,Zebulon,Kirckman,zkirckmano@time.com,Masculino,tqgvnHICKNW,engage world-class bandwidth
26,Pail,Clere,pclerep@yolasite.com,Masculino,3fhCDlYE7,enhance virtual web-readiness
27,Josselyn,Palphreyman,jpalphreymanq@ehow.com,Feminino,Ou84gNkWiz,disintermediate mission-critical convergence
28,Guillema,Henzley,ghenzleyr@soundcloud.com,Feminino,AeZi7k1Du8,implement visionary web services
29,Richmound,Goalley,rgoalleys@ted.com,Masculino,JAcSfU,streamline collaborative metrics
30,Kai,Vanyukov,kvanyukovt@amazon.co.jp,Feminino,LtvM8kte,disintermediate mission-critical eyeballs
31,Toby,Pellew,tpellewu@shop-pro.jp,Masculino,vlQESzcpF,target 24/7 paradigms
32,Jonie,Wyness,jwynessv@cyberchimps.com,Feminino,ikgFEKceMn,synergize synergistic solutions
33,Reggis,Larmett,rlarmettw@google.cn,Masculino,UPPRpq,benchmark synergistic functionalities
34,Bill,Tripcony,btripconyx@barnesandnoble.com,Masculino,FO7Qnk,innovate clicks-and-mortar e-services
35,Barton,Grey,bgreyy@cbslocal.com,Masculino,bMEKsNb7O,expedite cross-platform functionalities
36,Val,Pietersen,vpietersenz@google.com,Feminino,3H1EJQ9Wb2,morph value-added systems
37,Nevile,Lemmon,nlemmon10@auda.org.au,Masculino,tQW62mC,mesh user-centric interfaces
38,Leonard,Vaggers,lvaggers11@baidu.com,Masculino,X0dysZhdyS8I,engineer wireless synergies
39,Sax,MacFarlane,smacfarlane12@wufoo.com,Masculino,GTsuojLqz,envisioneer web-enabled e-markets
40,Edin,Ousbie,eousbie13@google.co.jp,Feminino,u4kRRmgQ0z,leverage cutting-edge e-tailers
41,Althea,Eighteen,aeighteen14@tumblr.com,Feminino,ELmg77XVM3Jp,enable bricks-and-clicks bandwidth
42,Kettie,Mingaud,kmingaud15@netscape.com,Feminino,gexgslf,whiteboard transparent interfaces
43,Tabatha,Iacovo,tiacovo16@unblog.fr,Feminino,LoDh5MNmf3,exploit strategic technologies
44,Nicholle,Springell,nspringell17@wunderground.com,Feminino,B8Bn3yCn,brand global eyeballs
45,Heather,Webburn,hwebburn18@webeden.co.uk,Feminino,7J3ODFf,brand revolutionary networks
46,Gran,Andreucci,gandreucci19@github.io,Masculino,fefTTf6taf,strategize sticky eyeballs
47,Alanah,Woodyear,awoodyear1a@disqus.com,Feminino,GcZNSPFDXh,benchmark end-to-end solutions
48,Jecho,Farrears,jfarrears1b@ycombinator.com,Masculino,kLclLA,benchmark next-generation ROI
49,Delmor,De Filippo,ddefilippo1c@blog.com,Masculino,Bly1665YnlaH,extend killer methodologies
50,Chas,O'Gorman,cogorman1d@ezinearticles.com,Masculino,rNMkLZd9Mps,maximize intuitive portals
51,Merline,Addenbrooke,maddenbrooke1e@123-reg.co.uk,Feminino,egzOl7VGQ,deploy seamless e-tailers
52,Renato,MacKeever,rmackeever1f@businesswire.com,Masculino,OZ0UlKH,innovate one-to-one content
53,Sylas,Khalid,skhalid1g@cyberchimps.com,Masculino,b1bVbXo,implement virtual paradigms
54,Madelene,Moukes,mmoukes1h@boston.com,Feminino,EN2EYYJIO,reinvent leading-edge models
55,Benedetto,Seeviour,bseeviour1i@youtube.com,Masculino,tCGVZHbb9Y,recontextualize best-of-breed web services
56,Farra,Burgiss,fburgiss1j@ftc.gov,Feminino,KuZcsoTYGY,reintermediate frictionless functionalities
57,Ahmed,Simmell,asimmell1k@macromedia.com,Masculino,cvRhrNZd139,integrate bleeding-edge schemas
58,Kassia,Bodega,kbodega1l@unesco.org,Feminino,OO4zLrh3o,cultivate seamless channels
59,Anissa,Leacock,aleacock1m@marriott.com,Feminino,y1ifyh0xI,transition open-source models
60,Calida,Guidetti,cguidetti1n@webeden.co.uk,Feminino,ePLQDWvyPl,integrate B2B e-commerce
61,Raimondo,Szach,rszach1o@prlog.org,Masculino,iDNHBlvSdKv7,extend visionary synergies
62,Morgen,Outright,moutright1p@state.tx.us,Masculino,kXdvnj8,e-enable revolutionary schemas
63,Pietrek,Moylan,pmoylan1q@macromedia.com,Masculino,SPs2AO4XN5q,e-enable holistic solutions
64,Clarence,Rhubottom,crhubottom1r@disqus.com,Masculino,ImepRwZ,whiteboard scalable niches
65,Travis,Deaton,tdeaton1s@howstuffworks.com,Masculino,URTWxlUfx,synergize magnetic communities
66,Wendall,Lanigan,wlanigan1t@simplemachines.org,Masculino,eXnqdUscA,repurpose intuitive action-items
67,Philip,Degoy,pdegoy1u@ted.com,Masculino,8KTZL1VnNeA,leverage value-added schemas
68,Ulrick,Dragge,udragge1v@google.it,Masculino,uDBYxs6W,orchestrate compelling e-services
69,Dickie,Meriton,dmeriton1w@skyrock.com,Masculino,q34596mi,e-enable end-to-end supply-chains
70,Sandor,Goult,sgoult1x@amazon.com,Masculino,Y4oYt1BaDgsB,deliver user-centric e-tailers
71,Augusto,Brookwood,abrookwood1y@webeden.co.uk,Masculino,4SLP3eLQ,engineer out-of-the-box schemas
72,Daloris,Lenden,dlenden1z@shareasale.com,Feminino,LrcDOcGV,disintermediate e-business eyeballs
73,Sascha,Lebbon,slebbon20@w3.org,Feminino,NTzSIPhzoe,deploy virtual e-markets
74,Crosby,Kasher,ckasher21@vimeo.com,Masculino,pxlYTI,implement bricks-and-clicks technologies
75,Elsa,Pillington,epillington22@java.com,Feminino,cF2MOR3SNv,expedite cross-media bandwidth
76,Meredith,Caulliere,mcaulliere23@edublogs.org,Feminino,dJRy9R3q,benchmark bleeding-edge e-business
77,Torey,Sigward,tsigward24@paginegialle.it,Masculino,BY0Plh57fJUa,whiteboard plug-and-play systems
78,Cristina,Comsty,ccomsty25@arstechnica.com,Feminino,lq7cWVyT,harness proactive models
79,Adler,Kabsch,akabsch26@harvard.edu,Masculino,xkaRGd,innovate next-generation initiatives
80,Sayer,Cleminshaw,scleminshaw27@usgs.gov,Masculino,985mJwL,transition transparent ROI
81,Hilda,Dyott,hdyott28@skyrock.com,Feminino,Qg8P9FwEq1jS,strategize next-generation partnerships
82,Sterling,Wartnaby,swartnaby29@angelfire.com,Masculino,kWUWdH,target compelling technologies
83,Sherrie,Ovenell,sovenell2a@ning.com,Feminino,EjVpDYG,envisioneer open-source e-services
84,Sebastien,Dight,sdight2b@cafepress.com,Masculino,slXOMO8yz,extend best-of-breed bandwidth
85,Egan,McLurg,emclurg2c@paypal.com,Masculino,z2831orS6NT,deploy holistic systems
86,AMasculinoe,Klesse,aklesse2d@weather.com,Feminino,N4rmeq,disintermediate one-to-one markets
87,Audi,Paulino,apaulino2e@discuz.net,Feminino,pfPJzES9YQX,engineer cutting-edge partnerships
88,Carny,Scone,cscone2f@qq.com,Masculino,xoD3Pe,incentivize global e-commerce
89,Jo,Gubbin,jgubbin2g@redcross.org,Feminino,qO4zDYawV05T,iterate enterprise web-readiness
90,Margit,Faunch,mfaunch2h@barnesandnoble.com,Feminino,NktZ1wCtmo,strategize scalable convergence
91,Kaja,Ryott,kryott2i@nydailynews.com,Feminino,O4eMLRd3E9Zm,streamline sticky ROI
92,Gerrie,Norridge,gnorridge2j@hao123.com,Masculino,7kHPp5u,reintermediate best-of-breed solutions
93,Gradey,Dumbare,gdumbare2k@imdb.com,Masculino,LdBS3iHtX1Kp,streamline one-to-one e-commerce
94,Dwain,McClounan,dmcclounan2l@tumblr.com,Masculino,AzjF8pXfGKV,enhance viral e-tailers
95,Branden,Philler,bphiller2m@japanpost.jp,Masculino,YTqyEpEvMUHX,whiteboard customized infomediaries
96,Alecia,Blenkinsop,ablenkinsop2n@mozilla.com,Feminino,vNG702Bx,grow wireless e-commerce
97,Ailbert,Kiessel,akiessel2o@google.cn,Masculino,wMwI3D,syndicate sticky ROI
98,Lucienne,Glaserman,lglaserman2p@virginia.edu,Feminino,82mA0ueheCA,synergize mission-critical initiatives
99,Maurise,Harce,mharce2q@craigslist.org,Feminino,nQfe3H6Hz,transform strategic partnerships
100,Melody,Loding,mloding2r@google.nl,Feminino,bAb9tag1JC,redefine impactful solutions